{
  "name": "Circular Pattern Training", 
  "b_degs": [
    0.0, 
    -22.5, 
    -45.0, 
    -67.5, 
    -90.0, 
    -112.5, 
    -135.0, 
    -157.5, 
    -180.0, 
    157.49999999999997, 
    135.0, 
    112.50000000000003, 
    90.0, 
    67.49999999999997, 
    45.0, 
    22.500000000000025, 
    0.0
  ], 
  "n_bins": 16, 
  "ips": [
    [
      0.0, 
      0.0, 
      0.0, 
      0.0, 
      0.0, 
      0.0
    ], 
    [
      -3.9018064403225665, 
      19.615705608064612, 
      0.0, 
      0.0, 
      0.0, 
      -0.39269908169872414
    ], 
    [
      -15.013211100714607, 
      36.245097854115514, 
      0.0, 
      0.0, 
      0.0, 
      -0.7853981633974483
    ], 
    [
      -31.642603346765515, 
      47.35650251450756, 
      0.0, 
      0.0, 
      0.0, 
      -1.1780972450961724
    ], 
    [
      -51.25830895483013, 
      51.25830895483013, 
      0.0, 
      0.0, 
      0.0, 
      -1.5707963267948966
    ], 
    [
      -70.87401456289473, 
      47.35650251450756, 
      0.0, 
      0.0, 
      0.0, 
      -1.9634954084936207
    ], 
    [
      -87.50340680894564, 
      36.24509785411552, 
      0.0, 
      0.0, 
      0.0, 
      -2.356194490192345
    ], 
    [
      -98.6148114693377, 
      19.615705608064616, 
      0.0, 
      0.0, 
      0.0, 
      -2.748893571891069
    ], 
    [
      -102.51661790966025, 
      6.2773323991238825e-15, 
      0.0, 
      0.0, 
      0.0, 
      -3.141592653589793
    ], 
    [
      -98.6148114693377, 
      -19.615705608064605, 
      0.0, 
      0.0, 
      0.0, 
      2.7488935718910685
    ], 
    [
      -87.50340680894566, 
      -36.245097854115514, 
      0.0, 
      0.0, 
      0.0, 
      2.356194490192345
    ], 
    [
      -70.87401456289477, 
      -47.35650251450755, 
      0.0, 
      0.0, 
      0.0, 
      1.9634954084936211
    ], 
    [
      -51.258308954830134, 
      -51.25830895483013, 
      0.0, 
      0.0, 
      0.0, 
      1.5707963267948966
    ], 
    [
      -31.642603346765505, 
      -47.356502514507554, 
      0.0, 
      0.0, 
      0.0, 
      1.178097245096172
    ], 
    [
      -15.01321110071462, 
      -36.24509785411553, 
      0.0, 
      0.0, 
      0.0, 
      0.7853981633974483
    ], 
    [
      -3.9018064403225807, 
      -19.61570560806464, 
      0.0, 
      0.0, 
      0.0, 
      0.3926990816987246
    ], 
    [
      0.0, 
      -1.2554664798247765e-14, 
      0.0, 
      0.0, 
      0.0, 
      0.0
    ]
  ], 
  "l_side": 20.0, 
  "type": "training"
}